[
  {
    "q": "شلون أبدي بالبيع؟",
    "a": "نزّل تطبيق دروب فلاي، سوّي حسابك (الاسم، رقم الهاتف، كلمة سر). اختار منتج، حدّد سعر الزبون ضمن النطاق المسموح، دخل معلومات الزبون وسلّم الطلب. شركة التوصيل تتكفّل بالشحن والتحصيل."
  },
  {
    "q": "شنو معنى سعر الجملة وسعر الزبون؟",
    "a": "سعر الجملة هو السعر اللي تشتري بيه من المورد داخل التطبيق. سعر الزبون هو السعر اللي تبيعه للعميل. ربحك = سعر الزبون - سعر الجملة - (التوصيل إذا كان عليك)."
  },
  {
    "q": "ليش يظهرلي تنبيه الربح أقل من 10 آلاف؟",
    "a": "التطبيق يطلب حد أدنى للربح حتى يغطي التكاليف ويضمن هامش بائع محترم. إذا شفت الرسالة، ارفع سعر الزبون ضمن النطاق المقترح ليتجاوز ربحك 10,000 د.ع."
  },
  {
    "q": "شلون أحدد سعر الزبون؟",
    "a": "داخل صفحة المنتج تشوف شريط يوضح أقل وأعلى سعر مسموح. بالسلة تكتب السعر ويحسب لك الربح تلقائيًا. إذا طلع خارج النطاق يطلب منك تعديله."
  },
  {
    "q": "التوصيل على منو؟",
    "a": "خدمة التوصيل ينفّذها شريك التوصيل. مرات يكون للعميل مجانًا حسب العروض، ومرات يكون ثابت لكل محافظة. قبل تأكيد الطلب راجع خانة (سعر التوصيل)."
  },
  {
    "q": "شلون أسحب أرباحي؟",
    "a": "من تبويب (حسابي) اضغط سحب الأرباح، واختار الطريقة: زين كاش، آسيا حوالة، رصيد زين/آسيا سيل، ماستر كارد الرافدين، أو التحويل البنكي (مصرف العراق الأول) حسب المتوفر، وادخل اسم صاحب البطاقة والرقم والمبلغ."
  },
  {
    "q": "أكو أقسام ملابس؟",
    "a": "لا، التطبيق يوفّر منتجات بأقسام مثل إلكترونيات، أدوات منزلية، أدوات مطبخ، عناية وكوزمتك، ملطفات الجو، ألعاب أطفال، حقائب، عطور وغيرها — الملابس غير متوفرة حاليًا."
  },
  {
    "q": "شلون أتواصل ويا الدعم؟",
    "a": "من تبويب (الدعم) تقدر تنشئ تذكرة عامة أو تذكرة مرتبطة بطلب محدد، وتتابع الرد داخل المحادثة."
  },
  {
    "q": "شلون أرتب وأفلتر المنتجات؟",
    "a": "استعمل الفلتر للفرز حسب الأحدث/الأعلى سعرًا/الأقل سعرًا، وحدد القسم ونطاق السعر، أو ابحث مباشرة باسم المنتج."
  },
  {
    "q": "شلون أتبع الشحنات؟",
    "a": "روح لتبويب (الطلبات) وشوف كل الشحنات وحالتها: تم التوصيل، الراجِع، أو قيد التوصيل. تقدر تفتح تفاصيل الطلب وتشوف الربح ومبلغ الفاتورة وملاحظة للمناديب."
  }
]